{
    "golm": 2.454589545833545,
    "palais": 2.4076303262425336
}